Title,Price,Date
"TEFAL Пегла DT 3030 EO, 1300W, 120мл, 15 сек","4,199",2024-07-15
"TEFAL Пегла DT 3030 EO, 1300W, 120мл, 15 сек","4,199",2024-07-15
"TEFAL Пегла DT 3030 EO, 1300W, 120мл, 15 сек","4,199",2024-07-15
"TEFAL Пегла DT 3030 EO, 1300W, 120мл, 15 сек","4,199",2024-07-15
"TEFAL Пегла DT 3030 EO, 1300W, 120мл, 15 сек","4,199",2024-07-15
"TEFAL Пегла DT 3030 EO, 1300W, 120мл, 15 сек","4,199",2024-07-15
"TEFAL Пегла DT 3030 EO, 1300W, 120мл, 15 сек","4,199",2024-07-15
"TEFAL Пегла DT 3030 EO, 1300W, 120мл, 15 сек","4,199",2024-07-15
"TEFAL Пегла DT 3030 EO, 1300W, 120мл, 15 сек","4,199",2024-07-15
